<?xml version="1.0" encoding="UTF-8"?>
<GenRun Id="impl_1" LaunchPart="xc7a35tcpg236-1" LaunchTime="1579215582">
  <File Type="BITSTR-BMM" Name="TopAdderSegment_bd.bmm"/>
  <File Type="OPT-METHODOLOGY-DRC" Name="TopAdderSegment_methodology_drc_opted.rpt"/>
  <File Type="INIT-TIMING" Name="TopAdderSegment_timing_summary_init.rpt"/>
  <File Type="ROUTE-PWR" Name="TopAdderSegment_power_routed.rpt"/>
  <File Type="PA-TCL" Name="TopAdderSegment.tcl"/>
  <File Type="OPT-TIMING" Name="TopAdderSegment_timing_summary_opted.rpt"/>
  <File Type="OPT-DCP" Name="TopAdderSegment_opt.dcp"/>
  <File Type="ROUTE-PWR-SUM" Name="TopAdderSegment_power_summary_routed.pb"/>
  <File Type="REPORTS-TCL" Name="TopAdderSegment_reports.tcl"/>
  <File Type="OPT-DRC" Name="TopAdderSegment_drc_opted.rpt"/>
  <File Type="OPT-HWDEF" Name="TopAdderSegment.hwdef"/>
  <File Type="PWROPT-DCP" Name="TopAdderSegment_pwropt.dcp"/>
  <File Type="PWROPT-DRC" Name="TopAdderSegment_drc_pwropted.rpt"/>
  <File Type="PWROPT-TIMING" Name="TopAdderSegment_timing_summary_pwropted.rpt"/>
  <File Type="PLACE-DCP" Name="TopAdderSegment_placed.dcp"/>
  <File Type="PLACE-IO" Name="TopAdderSegment_io_placed.rpt"/>
  <File Type="PLACE-CLK" Name="TopAdderSegment_clock_utilization_placed.rpt"/>
  <File Type="PLACE-UTIL" Name="TopAdderSegment_utilization_placed.rpt"/>
  <File Type="PLACE-UTIL-PB" Name="TopAdderSegment_utilization_placed.pb"/>
  <File Type="PLACE-CTRL" Name="TopAdderSegment_control_sets_placed.rpt"/>
  <File Type="PLACE-SIMILARITY" Name="TopAdderSegment_incremental_reuse_placed.rpt"/>
  <File Type="PLACE-PRE-SIMILARITY" Name="TopAdderSegment_incremental_reuse_pre_placed.rpt"/>
  <File Type="BG-BGN" Name="TopAdderSegment.bgn"/>
  <File Type="PLACE-TIMING" Name="TopAdderSegment_timing_summary_placed.rpt"/>
  <File Type="POSTPLACE-PWROPT-DCP" Name="TopAdderSegment_postplace_pwropt.dcp"/>
  <File Type="BG-BIN" Name="TopAdderSegment.bin"/>
  <File Type="POSTPLACE-PWROPT-TIMING" Name="TopAdderSegment_timing_summary_postplace_pwropted.rpt"/>
  <File Type="PHYSOPT-DCP" Name="TopAdderSegment_physopt.dcp"/>
  <File Type="PHYSOPT-DRC" Name="TopAdderSegment_drc_physopted.rpt"/>
  <File Type="BITSTR-MSK" Name="TopAdderSegment.msk"/>
  <File Type="PHYSOPT-TIMING" Name="TopAdderSegment_timing_summary_physopted.rpt"/>
  <File Type="ROUTE-ERROR-DCP" Name="TopAdderSegment_routed_error.dcp"/>
  <File Type="ROUTE-DCP" Name="TopAdderSegment_routed.dcp"/>
  <File Type="ROUTE-BLACKBOX-DCP" Name="TopAdderSegment_routed_bb.dcp"/>
  <File Type="ROUTE-DRC" Name="TopAdderSegment_drc_routed.rpt"/>
  <File Type="ROUTE-DRC-PB" Name="TopAdderSegment_drc_routed.pb"/>
  <File Type="BITSTR-LTX" Name="debug_nets.ltx"/>
  <File Type="BITSTR-LTX" Name="TopAdderSegment.ltx"/>
  <File Type="ROUTE-DRC-RPX" Name="TopAdderSegment_drc_routed.rpx"/>
  <File Type="BITSTR-MMI" Name="TopAdderSegment.mmi"/>
  <File Type="ROUTE-METHODOLOGY-DRC" Name="TopAdderSegment_methodology_drc_routed.rpt"/>
  <File Type="ROUTE-METHODOLOGY-DRC-RPX" Name="TopAdderSegment_methodology_drc_routed.rpx"/>
  <File Type="BITSTR-SYSDEF" Name="TopAdderSegment.sysdef"/>
  <File Type="ROUTE-METHODOLOGY-DRC-PB" Name="TopAdderSegment_methodology_drc_routed.pb"/>
  <File Type="ROUTE-PWR-RPX" Name="TopAdderSegment_power_routed.rpx"/>
  <File Type="ROUTE-STATUS" Name="TopAdderSegment_route_status.rpt"/>
  <File Type="ROUTE-STATUS-PB" Name="TopAdderSegment_route_status.pb"/>
  <File Type="ROUTE-TIMINGSUMMARY" Name="TopAdderSegment_timing_summary_routed.rpt"/>
  <File Type="ROUTE-TIMING-PB" Name="TopAdderSegment_timing_summary_routed.pb"/>
  <File Type="ROUTE-TIMING-RPX" Name="TopAdderSegment_timing_summary_routed.rpx"/>
  <File Type="ROUTE-SIMILARITY" Name="TopAdderSegment_incremental_reuse_routed.rpt"/>
  <File Type="ROUTE-CLK" Name="TopAdderSegment_clock_utilization_routed.rpt"/>
  <File Type="ROUTE-BUS-SKEW" Name="TopAdderSegment_bus_skew_routed.rpt"/>
  <File Type="ROUTE-BUS-SKEW-PB" Name="TopAdderSegment_bus_skew_routed.pb"/>
  <File Type="ROUTE-BUS-SKEW-RPX" Name="TopAdderSegment_bus_skew_routed.rpx"/>
  <File Type="POSTROUTE-PHYSOPT-DCP" Name="TopAdderSegment_postroute_physopt.dcp"/>
  <File Type="POSTROUTE-PHYSOPT-BLACKBOX-DCP" Name="TopAdderSegment_postroute_physopt_bb.dcp"/>
  <File Type="POSTROUTE-PHYSOPT-TIMING" Name="TopAdderSegment_timing_summary_postroute_physopted.rpt"/>
  <File Type="POSTROUTE-PHYSOPT-TIMING-PB" Name="TopAdderSegment_timing_summary_postroute_physopted.pb"/>
  <File Type="POSTROUTE-PHYSOPT-TIMING-RPX" Name="TopAdderSegment_timing_summary_postroute_physopted.rpx"/>
  <File Type="POSTROUTE-PHYSOPT-BUS-SKEW" Name="TopAdderSegment_bus_skew_postroute_physopted.rpt"/>
  <File Type="POSTROUTE-PHYSOPT-BUS-SKEW-PB" Name="TopAdderSegment_bus_skew_postroute_physopted.pb"/>
  <File Type="BG-BIT" Name="TopAdderSegment.bit"/>
  <File Type="POSTROUTE-PHYSOPT-BUS-SKEW-RPX" Name="TopAdderSegment_bus_skew_postroute_physopted.rpx"/>
  <File Type="BITSTR-RBT" Name="TopAdderSegment.rbt"/>
  <File Type="BITSTR-NKY" Name="TopAdderSegment.nky"/>
  <File Type="BG-DRC" Name="TopAdderSegment.drc"/>
  <File Type="RDI-RDI" Name="TopAdderSegment.vdi"/>
  <File Type="WBT-USG" Name="usage_statistics_webtalk.html"/>
  <FileSet Name="sources" Type="DesignSrcs" RelSrcDir="$PSRCDIR/sources_1">
    <Filter Type="Srcs"/>
    <File Path="$PSRCDIR/sources_1/new/FullAdder.v">
      <FileInfo>
        <Attr Name="ImportPath" Val="$PPRDIR/../../lab2/lab2.srcs/sources_1/new/FullAdder.v"/>
        <Attr Name="ImportTime" Val="1579038982"/>
        <Attr Name="UsedIn" Val="synthesis"/>
        <Attr Name="UsedIn" Val="implementation"/>
        <Attr Name="UsedIn" Val="simulation"/>
      </FileInfo>
    </File>
    <File Path="$PSRCDIR/sources_1/new/SevenSegment.v">
      <FileInfo>
        <Attr Name="UsedIn" Val="synthesis"/>
        <Attr Name="UsedIn" Val="implementation"/>
        <Attr Name="UsedIn" Val="simulation"/>
      </FileInfo>
    </File>
    <File Path="$PSRCDIR/sources_1/new/TopFullAdder.v">
      <FileInfo>
        <Attr Name="ImportPath" Val="$PPRDIR/../../lab2/lab2.srcs/sources_1/new/TopFullAdder.v"/>
        <Attr Name="ImportTime" Val="1579040033"/>
        <Attr Name="UsedIn" Val="synthesis"/>
        <Attr Name="UsedIn" Val="implementation"/>
        <Attr Name="UsedIn" Val="simulation"/>
      </FileInfo>
    </File>
    <File Path="$PSRCDIR/sources_1/new/TopAdderSegment.v">
      <FileInfo>
        <Attr Name="UsedIn" Val="synthesis"/>
        <Attr Name="UsedIn" Val="implementation"/>
        <Attr Name="UsedIn" Val="simulation"/>
      </FileInfo>
    </File>
    <File Path="$PPRDIR/archive_project_summary.txt"/>
    <Config>
      <Option Name="DesignMode" Val="RTL"/>
      <Option Name="TopModule" Val="TopAdderSegment"/>
      <Option Name="TopAutoSet" Val="TRUE"/>
    </Config>
  </FileSet>
  <FileSet Name="constrs_in" Type="Constrs" RelSrcDir="$PSRCDIR/constrs_1">
    <Filter Type="Constrs"/>
    <File Path="$PSRCDIR/constrs_1/imports/Desktop/Basys3_Master.xdc">
      <FileInfo>
        <Attr Name="ImportPath" Val="$PPRDIR/../../Basys3_Master.xdc"/>
        <Attr Name="ImportTime" Val="1579038789"/>
        <Attr Name="UsedIn" Val="synthesis"/>
        <Attr Name="UsedIn" Val="implementation"/>
      </FileInfo>
    </File>
    <Config>
      <Option Name="ConstrsType" Val="XDC"/>
    </Config>
  </FileSet>
  <FileSet Name="utils" Type="Utils" RelSrcDir="$PSRCDIR/utils_1">
    <Filter Type="Utils"/>
    <Config>
      <Option Name="TopAutoSet" Val="TRUE"/>
    </Config>
  </FileSet>
  <Strategy Version="1" Minor="2">
    <StratHandle Name="Vivado Implementation Defaults" Flow="Vivado Implementation 2019"/>
    <Step Id="init_design"/>
    <Step Id="opt_design"/>
    <Step Id="power_opt_design"/>
    <Step Id="place_design"/>
    <Step Id="post_place_power_opt_design"/>
    <Step Id="phys_opt_design"/>
    <Step Id="route_design"/>
    <Step Id="post_route_phys_opt_design"/>
    <Step Id="write_bitstream"/>
  </Strategy>
</GenRun>
